rank,horizon_step,gru_weight,lightgbm_weight,val_mae,val_rmse,val_mape,val_r2
1,1,0.17,0.83,1.1728941350975033,1.6127081556044078,2.0058906952163604,0.9842564039495263
2,1,0.16,0.84,1.1729073546119784,1.6128590086468706,2.005843158171614,0.9842534584935456
3,1,0.18,0.8200000000000001,1.172945787492358,1.6126313616319914,2.0060411908276,0.984257903271634
4,1,0.15,0.85,1.1729871138792054,1.6130838999817203,2.005903056123569,0.9842490669036916
5,1,0.19,0.81,1.1730753387997288,1.6126286373097825,2.0063200192168917,0.9842579564598685
6,1,0.14,0.86,1.173152922717757,1.613382798648102,2.006105225221891,0.9842432291799647
7,1,0.2,0.8,1.1732571207943185,1.6126999830131565,2.0066864161319935,0.9842565635142299
8,1,0.13,0.87,1.1733814017976456,1.6137556635232617,2.0064195191856142,0.9842359453223645
9,1,0.21,0.79,1.1735145576212784,1.6128453889124466,2.007174518055958,0.984253724434718
10,1,0.12,0.88,1.1736612320451953,1.6142024433508015,2.0068202473341983,0.9842272153308912
11,1,0.22,0.78,1.1738442445198443,1.6130648349797105,2.0077749875423443,0.9842494392213331
12,1,0.11,0.89,1.1740099334123189,1.6147230767758503,2.007335743782202,0.9842170392055448
13,1,0.23,0.77,1.1742245378945515,1.6133582910025213,2.008453493576719,0.9842437078740751
14,1,0.1,0.9,1.174449010192403,1.6153174923870894,2.0080126011036166,0.9842054169463252
15,1,0.24,0.76,1.1746536892681023,1.6137257166047476,2.0092085513688187,0.9842365303929439
16,1,0.09,0.91,1.1749695609869184,1.6159856087655717,2.0088269362370728,0.9841923485532326
17,1,0.25,0.75,1.1751481531044363,1.6141670612743009,2.010075628606551,0.9842279067779396
18,1,0.08,0.92,1.175550928921062,1.616727334540253,2.009738383664388,0.9841778340262667
19,1,0.26,0.74,1.175704514393167,1.6146822643977956,2.011039559964125,0.9842178370290622
20,1,0.07,0.9299999999999999,1.176202917623902,1.6175425684501483,2.010763874670663,0.9841618733654278
21,1,0.27,0.73,1.176336296523011,1.6152712553020772,2.0121229074570777,0.9842063211463117
22,1,0.06,0.94,1.1769169717216748,1.6184311994130145,2.0118908638018613,0.9841444665707157
23,1,0.28,0.72,1.1770462217424922,1.615933953302541,2.0133388618665133,0.984193359129688
24,1,0.05,0.95,1.1776934866492714,1.619393106600454,2.0131194148771834,0.9841256136421305
25,1,0.29,0.71,1.17781425978442,1.616670267758174,2.014655359671752,0.9841789509791912
26,1,0.04,0.96,1.1785271147819811,1.6204281595193184,2.0144434082197136,0.9841053145796721
27,1,0.3,0.7,1.1786418296783625,1.6174800981332247,2.016062343730791,0.9841630966948212
28,1,0.03,0.97,1.1794151822964565,1.6215362180992867,2.0158593682233557,0.9840835693833406
29,1,0.31,0.69,1.1795306978593416,1.6183633340654138,2.017570081645681,0.984145796276578
30,1,0.02,0.98,1.18035170016416,1.622717132786483,2.017353827909941,0.9840603780531361
31,1,0.32,0.6799999999999999,1.1804823127822652,1.6193198554405654,2.0191855723133254,0.9841270497244619
32,1,0.01,0.99,1.181331886186853,1.6239707446429896,2.018922198629652,0.9840357405890583
33,1,0.33,0.6699999999999999,1.1815029074966954,1.6203495324735524,2.0209140530569085,0.9841068570384726
34,1,0.0,1.0,1.1823902714940204,1.625296885452102,2.0206258904746535,0.9840096569911074
35,1,0.34,0.6599999999999999,1.1825852491510584,1.6214522257954258,2.022745347805784,0.9840852182186101
36,1,0.35000000000000003,0.6499999999999999,1.1837267308941177,1.6226277865465937,2.0246826348370837,0.9840621332648744
37,1,0.36,0.64,1.184939296265774,1.6238760564759025,2.026738623062908,0.9840376021772657
38,1,0.37,0.63,1.1862231173198454,1.6251968680454796,2.028911558238335,0.9840116249557838
39,1,0.38,0.62,1.187563361446628,1.6265900445411614,2.031179099662732,0.9839842016004288
40,1,0.39,0.61,1.1889588998730032,1.628055400188358,2.03353433752971,0.9839553321112006
41,1,0.4,0.6,1.1904046072560588,1.629592740273166,2.0359658965095213,0.9839250164880993
42,1,0.41000000000000003,0.59,1.1919063877736475,1.6312018612685597,2.0384872997553574,0.9838932547311249
43,1,0.42,0.5800000000000001,1.193492677033542,1.6328825509654683,2.0411469316322224,0.9838600468402774
44,1,0.43,0.5700000000000001,1.1951502622312293,1.6346345886085527,2.0439222488873514,0.9838253928155567
45,1,0.44,0.56,1.1968627238772416,1.6364577450364812,2.046788221624029,0.9837892926569629
46,1,0.45,0.55,1.1986369438868327,1.6383517828265064,2.0497527188874995,0.9837517463644959
47,1,0.46,0.54,1.2004664745839775,1.6403164564431387,2.052806412811038,0.9837127539381558
48,1,0.47000000000000003,0.53,1.2023598210924704,1.642351512390704,2.0559616313647746,0.9836723153779426
49,1,0.48,0.52,1.2043104570063519,1.6444566893695818,2.0592093367950577,0.9836304306838564
50,1,0.49,0.51,1.206308437105792,1.6466317184359023,2.0625392624466143,0.9835870998558969
51,1,0.5,0.5,1.2083573472457938,1.6488763231644925,2.065953077563237,0.9835423228940643
52,1,0.51,0.49,1.2104573040856084,1.6511902198148503,2.069450283125628,0.9834960997983585
53,1,0.52,0.48,1.2126089245152745,1.6535731174999329,2.0730315293544797,0.9834484305687796
54,1,0.53,0.47,1.21481370143111,1.6560247183575354,2.076701702384988,0.9833993152053276
55,1,0.54,0.45999999999999996,1.2170635546706856,1.6585447177240469,2.0804488108404944,0.9833487537080026
56,1,0.55,0.44999999999999996,1.219374473560345,1.6611328043103586,2.0842935134051057,0.9832967460768043
57,1,0.56,0.43999999999999995,1.221747336502783,1.6637886603797158,2.088237359616276,0.9832432923117329
58,1,0.5700000000000001,0.42999999999999994,1.2241873028831973,1.666511961927288,2.092291436707462,0.9831883924127883
59,1,0.58,0.42000000000000004,1.226678342746112,1.6693023788612482,2.0964306472247554,0.9831320463799706
60,1,0.59,0.41000000000000003,1.2292124332935623,1.67215957518515,2.100645587822893,0.9830742542132799
61,1,0.6,0.4,1.2318011597332215,1.675083209181387,2.104949869789098,0.983015015912716
62,1,0.61,0.39,1.2344438883253948,1.6780729335955344,2.109339716029056,0.9829543314782789
63,1,0.62,0.38,1.237132909221956,1.6811283958213625,2.113807635867532,0.9828922009099688
64,1,0.63,0.37,1.2398797350433826,1.6842492380863252,2.1183684300504155,0.9828286242077854
65,1,0.64,0.36,1.242666596837033,1.6874350976373287,2.122993910320188,0.982763601371729
66,1,0.65,0.35,1.2455008602686475,1.6906856069265834,2.1276928420189054,0.9826971324017993
67,1,0.66,0.33999999999999997,1.2483824098969694,1.6940003937973551,2.1324719955437015,0.9826292172979967
68,1,0.67,0.32999999999999996,1.2513073260925267,1.697379081669429,2.137323145201064,0.9825598560603208
69,1,0.68,0.31999999999999995,1.2542740650978375,1.700821289724111,2.142243678552587,0.9824890486887718
70,1,0.6900000000000001,0.30999999999999994,1.2572913837306445,1.7043266330885927,2.1472496171964477,0.9824167951833498
71,1,0.7000000000000001,0.29999999999999993,1.260364207877363,1.7078947230195083,2.152349159817117,0.9823430955440545
72,1,0.71,0.29000000000000004,1.263486007561595,1.7115251670855276,2.157534246882628,0.9822679497708862
73,1,0.72,0.28,1.2666614250265331,1.715217569348821,2.162805441047755,0.9821913578638446
74,1,0.73,0.27,1.2699005764905236,1.7189715305452524,2.1681838383834764,0.9821133198229299
75,1,0.74,0.26,1.2731784595117726,1.7227866482631484,2.1736267806820937,0.9820338356481422
76,1,0.75,0.25,1.2764938190810433,1.7266625171205092,2.179136981846089,0.9819529053394813
77,1,0.76,0.24,1.2798561261390156,1.7305987289405271,2.1847295894578562,0.9818705288969473
78,1,0.77,0.22999999999999998,1.2832653421407805,1.734594872925283,2.190401873054189,0.9817867063205401
79,1,0.78,0.21999999999999997,1.2867062004528624,1.7386505358275033,2.196128266292631,0.9817014376102597
80,1,0.79,0.20999999999999996,1.2901950455063682,1.7427653021202612,2.2019354052545426,0.9816147227661064
81,1,0.8,0.19999999999999996,1.2937310865458393,1.746938754164513,2.207815479514499,0.9815265617880797
82,1,0.81,0.18999999999999995,1.29730372176446,1.7511704723743693,2.2137562408074727,0.9814369546761801
83,1,0.8200000000000001,0.17999999999999994,1.3009187110319145,1.7554600353800018,2.2197639809748484,0.9813459014304072
84,1,0.8300000000000001,0.16999999999999993,1.3045875854848352,1.7598070201880993,2.2258555603216545,0.9812534020507613
85,1,0.84,0.16000000000000003,1.3083028196671547,1.7642110023397863,2.232026918724854,0.9811594565372422
86,1,0.85,0.15000000000000002,1.312061515125677,1.7686715560659263,2.2382724381952346,0.98106406488985
87,1,0.86,0.14,1.3158606163826492,1.7731882544397397,2.244587020005882,0.9809672271085846
88,1,0.87,0.13,1.3196958670770873,1.7777606695266697,2.2509635569996678,0.9808689431934461
89,1,0.88,0.12,1.3235726172718891,1.7823883725314327,2.257408357858739,0.9807692131444345
90,1,0.89,0.10999999999999999,1.3274905004166615,1.787070933942204,2.2639220249307037,0.9806680369615498
91,1,0.9,0.09999999999999998,1.331454849331106,1.7918079236718838,2.270519615728086,0.9805654146447919
92,1,0.91,0.08999999999999997,1.3354614845000181,1.7965989111964054,2.2771843403403653,0.9804613461941608
93,1,0.92,0.07999999999999996,1.3394975062885806,1.801443465690041,2.2838975594738855,0.9803558316096567
94,1,0.93,0.06999999999999995,1.3435806271687867,1.8063411561576783,2.2906888790354247,0.9802488708912794
95,1,0.9400000000000001,0.05999999999999994,1.347699405889361,1.811291551564034,2.2975393998142892,0.980140464039029
96,1,0.9500000000000001,0.04999999999999993,1.351855586987807,1.8162942209597837,2.3044501016458128,0.9800306110529055
97,1,0.96,0.040000000000000036,1.356055217441939,1.8213487336045902,2.3114303614435743,0.9799193119329088
98,1,0.97,0.030000000000000027,1.3603000841442499,1.826454659087013,2.3184907767891305,0.979806566679039
99,1,0.98,0.020000000000000018,1.3645734741499387,1.8316115674412912,2.325601784926366,0.979692375291296
100,1,0.99,0.010000000000000009,1.3688766994501604,1.8368190292609956,2.33276177441877,0.9795767377696799
101,1,1.0,0.0,1.3732125476474177,1.8420766158095445,2.339973404110392,0.9794596541141908
102,2,0.31,0.69,1.628160810869068,2.2101795338968633,2.770561605548873,0.9704295293175603
103,2,0.32,0.6799999999999999,1.628178486158151,2.2103241100628495,2.7704456861788644,0.970425660559353
104,2,0.3,0.7,1.6282042666544017,2.210106893442413,2.7707788296337563,0.9704314730303647
105,2,0.33,0.6699999999999999,1.6282642108228433,2.2105406078259193,2.7704428435927455,0.9704198667557429
106,2,0.29,0.71,1.6283161061966114,2.2101061957925188,2.771110220217926,0.9704314916977663
107,2,0.34,0.6599999999999999,1.6284147508062898,2.2108290060570797,2.770543717013576,0.9704121479067299
108,2,0.28,0.72,1.6285047873859273,2.210177441015307,2.7715678854018533,0.970429585319765
109,2,0.35000000000000003,0.6499999999999999,1.6286109548419996,2.211189276623096,2.7707216545816404,0.9704025040123141
110,2,0.27,0.73,1.6287406382314218,2.2103206221539797,2.7721033809014295,0.9704257538963609
111,2,0.36,0.64,1.6288507311672966,2.2116213844002086,2.7709716155629844,0.9703909350724954
112,2,0.26,0.74,1.6290405874498006,2.2105357252302045,2.7727438935226827,0.9704199974275539
113,2,0.37,0.63,1.62913082698492,2.2121252872912303,2.7712871219076423,0.970377441087274
114,2,0.25,0.75,1.6293985663240262,2.2108227292509426,2.7734788242237998,0.9704123159133441
115,2,0.38,0.62,1.6294690145717134,2.2127009362460193,2.771692377085112,0.9703620220566496
116,2,0.24,0.76,1.6298100615468372,2.2111816062186826,2.774304079142632,0.9704027093537315
117,2,0.39,0.61,1.6298558040069482,2.213348275285297,2.7721745959079382,0.9703446779806224
118,2,0.23,0.77,1.630277280990524,2.2116123211450893,2.7752259109230693,0.970391177748716
119,2,0.4,0.6,1.6302990028970996,2.21406724152779,2.772745888595123,0.9703254088591924
120,2,0.22,0.78,1.6307885059604903,2.212114832068036,2.7762180662983997,0.9703777210982977
121,2,0.41000000000000003,0.59,1.6307964919097253,2.214857765220658,2.7734047643674478,0.9703042146923595
122,2,0.21,0.79,1.6313394322575878,2.2126890900720118,2.7772735705428793,0.9703623394024765
123,2,0.42,0.5800000000000001,1.6313590141961665,2.215719769773177,2.7741717997580597,0.9702810954801238
124,2,0.2,0.8,1.6319392825978531,2.2133350393118776,2.7784092093652344,0.9703450326612524
125,2,0.43,0.5700000000000001,1.631969678006071,2.216653171793649,2.7750229230595242,0.9702560512224851
126,2,0.19,0.81,1.632597779163015,2.2140526170399384,2.779640012166246,0.9703258008746255
127,2,0.44,0.56,1.6326363715424153,2.217657881129476,2.775966896919121,0.9702290819194438
128,2,0.18,0.8200000000000001,1.633314207821344,2.214841753636313,2.7809622182583054,0.9703046440425959
129,2,0.45,0.55,1.6333618817525348,2.218733800910375,2.7770043536130196,0.9702001875709995
130,2,0.17,0.83,1.6340947227297746,2.2157023726425544,2.7823827772480474,0.9702815621651633
131,2,0.46,0.54,1.6341394164394445,2.2198808275946726,2.7781271981625695,0.9701693681771524
132,2,0.16,0.84,1.6349308014663522,2.2166343907984922,2.783894555680993,0.9702565552423278
133,2,0.47000000000000003,0.53,1.6349651335515685,2.2210988510186356,2.779331440216341,0.9701366237379024
134,2,0.15,0.85,1.6358141718168548,2.2176377180822495,2.7854793411921217,0.9702296232740896
135,2,0.48,0.52,1.6358563335577656,2.2223877544487807,2.7806445204277863,0.9701019542532496
136,2,0.14,0.86,1.6367476834311525,2.2187122577533973,2.7871460447093117,0.9702007662604485
137,2,0.49,0.51,1.6368072055293177,2.2237474146370957,2.7820507099865863,0.970065359723194
138,2,0.13,0.87,1.6377258317259356,2.219857906399191,2.7888831480230016,0.9701699842014045
139,2,0.5,0.5,1.6378100993042273,2.22517770187914,2.7835414038203985,0.9700268401477354
140,2,0.12,0.88,1.6387631405734804,2.221074553983839,2.790715222780188,0.9701372770969577
141,2,0.51,0.49,1.6388522855074812,2.2266784800749257,2.7850960910019102,0.969986395526874
142,2,0.11,0.89,1.6398644892818048,2.222362083900755,2.7926509034045264,0.9701026449471081
143,2,0.52,0.48,1.6399430272072288,2.228249606792543,2.7867314056436627,0.9699440258606099
144,2,0.1,0.9,1.6410221931453561,2.2237203730277315,2.7946754480341633,0.9700660877518555
145,2,0.53,0.47,1.6410848988107656,2.2298909333344423,2.7884571511279157,0.9698997311489428
146,2,0.09,0.91,1.6422327010593496,2.225149291784973,2.7967885438715223,0.9700276055112003
147,2,0.54,0.45999999999999996,1.6422927663874665,2.231602304806317,2.7903010457295587,0.9698535113918729
148,2,0.08,0.92,1.6434933524005084,2.226648704195934,2.7989863980681577,0.969987198225142
149,2,0.55,0.44999999999999996,1.6435673264411195,2.233383560188503,2.7922518557652056,0.9698053665894002
150,2,0.07,0.9299999999999999,1.644804935888436,2.2282184679508834,2.8012709707911534,0.969944865893681
151,2,0.56,0.43999999999999995,1.6448980753167988,2.2352345324098244,2.7942925376699805,0.9697552967415246
152,2,0.06,0.94,1.6461758211857098,2.2298584344731442,2.8036496279973644,0.9699006085168171
153,2,0.5700000000000001,0.42999999999999994,1.6462902366412173,2.2371550484238116,2.796430488573421,0.9697033018482463
154,2,0.05,0.95,1.6476074484169474,2.23156844898792,2.806137009575782,0.9698544260945504
155,2,0.58,0.42000000000000004,1.6477494847342353,2.2391449292872085,2.7986792878784437,0.969649381909565
156,2,0.04,0.96,1.6490860718214906,2.233348350593648,2.8086986805369847,0.9698063186268808
157,2,0.59,0.41000000000000003,1.6492695473506123,2.241203990240687,2.801027768013467,0.9695935369254809
158,2,0.03,0.97,1.650604109431844,2.2351979723358006,2.811323516950852,0.9697562861138084
159,2,0.6,0.4,1.650850607598455,2.2433320407916937,2.803473924181613,0.9695357668959939
160,2,0.02,0.98,1.6521883734493708,2.237117141283055,2.8140603867544347,0.9697043285553332
161,2,0.61,0.39,1.6524816836566583,2.245528884799339,2.806008166738274,0.9694760718211041
162,2,0.01,0.99,1.6538224825447667,2.2391056786057573,2.8168789423344025,0.969650445951455
163,2,0.62,0.38,1.6541674775248967,2.2477943205612445,2.8086331996677245,0.9694144517008114
164,2,0.0,1.0,1.6555122890827478,2.241163399656598,2.8197922400009503,0.9695946383021741
165,2,0.63,0.37,1.655900833261136,2.250128140902268,2.8113355688416535,0.9693509065351159
166,2,0.64,0.36,1.6576872423497493,2.252530133265014,2.81412989980638,0.9692854363240175
167,2,0.65,0.35,1.659522528371085,2.2550000798020364,2.817006103964487,0.9692180410675164
168,2,0.66,0.33999999999999997,1.6614094710876315,2.2575377574696662,2.819964230766024,0.9691487207656123
169,2,0.67,0.32999999999999996,1.6633545122041624,2.2601429381233467,2.8230180995004237,0.9690774754183055
170,2,0.68,0.31999999999999995,1.6653562162987514,2.2628153886144116,2.8261673691078246,0.9690043050255958
171,2,0.6900000000000001,0.30999999999999994,1.6674120748457348,2.265554870888197,2.829415938573112,0.9689292095874832
172,2,0.7000000000000001,0.29999999999999993,1.6695093302209814,2.2683611420834127,2.8327403562026343,0.9688521891039678
173,2,0.71,0.29000000000000004,1.6716606056009353,2.271233954632676,2.8361556392676635,0.9687732435750495
174,2,0.72,0.28,1.6738589612178025,2.274173056364114,2.8396525099070504,0.9686923730007283
175,2,0.73,0.27,1.6761191753596094,2.2771781906039528,2.8432545843623496,0.9686095773810044
176,2,0.74,0.26,1.678435748183111,2.280249096280005,2.8469529893605587,0.9685248567158776
177,2,0.75,0.25,1.6807949448324377,2.2833855080259555,2.850724279986688,0.968438211005348
178,2,0.76,0.24,1.6832191208604226,2.2865871562863758,2.8546046882703555,0.9683496402494154
179,2,0.77,0.22999999999999998,1.6857138541235195,2.289853767422358,2.858599189613229,0.9682591444480801
180,2,0.78,0.21999999999999997,1.6882547381486093,2.2931850638177034,2.8626669926957327,0.9681667236013419
181,2,0.79,0.20999999999999996,1.6908524384937482,2.2965807639855678,2.866825285002739,0.9680723777092008
182,2,0.8,0.19999999999999996,1.693518428946495,2.3000405826754777,2.8710932021566213,0.967976106771657
183,2,0.81,0.18999999999999995,1.6962595238234082,2.303564230980646,2.8754901955139767,0.9678779107887102
184,2,0.8200000000000001,0.17999999999999994,1.6990679907258748,2.307151416445494,2.879996653480948,0.9677777897603607
185,2,0.8300000000000001,0.16999999999999993,1.7019194379967781,2.310801843173302,2.8845768477542166,0.9676757436866082
186,2,0.84,0.16000000000000003,1.7048267251496685,2.314515211933916,2.889254238927218,0.967571772567453
187,2,0.85,0.15000000000000002,1.7077977299092517,2.318291220271422,2.8940381595018208,0.9674658764028948
188,2,0.86,0.14,1.710830521881735,2.3221295626117215,2.898929989616725,0.9673580551929339
189,2,0.87,0.13,1.7138991713775324,2.3260299303699297,2.9038834092628245,0.9672483089375701
190,2,0.88,0.12,1.717015047920354,2.3299920120575233,2.9089212051661053,0.9671366376368035
191,2,0.89,0.10999999999999999,1.7201658520059044,2.3340154933891673,2.9140158409419836,0.967023041290634
192,2,0.9,0.09999999999999998,1.7233599995915452,2.338100057389157,2.919189839146243,0.9669075198990617
193,2,0.91,0.08999999999999997,1.7265994586398241,2.342245384497399,2.924439732614267,0.9667900734620865
194,2,0.92,0.07999999999999996,1.7298832891667708,2.346451152674874,2.9297705708981,0.9666707019797084
195,2,0.93,0.06999999999999995,1.733224587240698,2.350717037508516,2.935206509625471,0.9665494054519275
196,2,0.9400000000000001,0.05999999999999994,1.7366142313688278,2.3550427123154405,2.9407241307747847,0.9664261838787438
197,2,0.9500000000000001,0.04999999999999993,1.7400472934442148,2.359427848246479,2.9463140250367594,0.9663010372601573
198,2,0.96,0.040000000000000036,1.7435239702059508,2.3638721143889407,2.951976960949779,0.9661739655961677
199,2,0.97,0.030000000000000027,1.7470511018958508,2.368375177868566,2.9577215483239447,0.9660449688867755
200,2,0.98,0.020000000000000018,1.750635423520121,2.3729367039506064,2.9635569510557724,0.9659140471319804
201,2,0.99,0.010000000000000009,1.754274058558262,2.37755635613999,2.9694850746471926,0.9657812003317825
202,2,1.0,0.0,1.7579595863588962,2.3822337962805102,2.9754911618850333,0.9656464284861817
203,3,0.4,0.6,1.9849954167921653,2.6719022939770087,3.364122440874588,0.956783761225959
204,3,0.41000000000000003,0.59,1.9850281474652274,2.672206950074932,3.364009614244687,0.9567739054454429
205,3,0.39,0.61,1.9850420714224404,2.671673872179576,3.364368338842262,0.9567911500507683
206,3,0.42,0.5800000000000001,1.98512669662283,2.6725878144028345,3.3639997580389007,0.95676158270922
207,3,0.38,0.62,1.9851415462009117,2.6715217042373047,3.36470124600669,0.9567960719198707
208,3,0.43,0.5700000000000001,1.9852916703711434,2.6730448543855085,3.3640920028258643,0.9567467930172903
209,3,0.37,0.63,1.9853056558238884,2.6714458031806587,3.3651337003004436,0.9567985268332664
210,3,0.44,0.56,1.9855195902167637,2.6735780309569694,3.3642921993831925,0.9567295363696537
211,3,0.36,0.64,1.9855411634851372,2.671446175510316,3.365682604257949,0.9567985147909552
212,3,0.45,0.55,1.9858073112318944,2.674187298577126,3.3645934046858996,0.9567098127663103
213,3,0.35000000000000003,0.6499999999999999,1.985838135836977,2.671522821194386,3.366326924144104,0.9567960357929373
214,3,0.46,0.54,1.9861423624542272,2.674872605251189,3.3649733580842027,0.9566876222072601
215,3,0.34,0.6599999999999999,1.9861693016040376,2.6716757336684225,3.367024038500758,0.9567910898392125
216,3,0.47000000000000003,0.53,1.9865150291045373,2.675633892551804,3.365414872458457,0.9566629646925031
217,3,0.33,0.6699999999999999,1.9865500864098515,2.6719048998382364,3.3678019434514024,0.9567836769297808
218,3,0.48,0.52,1.9869402033753247,2.6764710956438758,3.3659447210410094,0.9566358402220393
219,3,0.32,0.6799999999999999,1.9869917672743036,2.672210300085497,3.368677630521754,0.9567737970646424
220,3,0.49,0.51,1.987430453263925,2.677384143312072,3.3665785706703097,0.9566062487958686
221,3,0.31,0.69,1.9874844383491261,2.6725919082761305,3.3696345603891777,0.9567614502437971
222,3,0.5,0.5,1.9879921131069176,2.6783729579909674,3.367327307584443,0.9565741904139913
223,3,0.3,0.7,1.9880211602314826,2.6730496917714888,3.3706619720635183,0.956746636467245
224,3,0.29,0.71,1.988607413395428,2.6735836114422966,3.3717704837298696,0.9567293557349862
225,3,0.51,0.49,1.9886143345129568,2.6794374557978076,3.368174111632829,0.956539665076407
226,3,0.28,0.72,1.9892521214492038,2.6741936216853466,3.3729762359014885,0.9567096080470204
227,3,0.52,0.48,1.9893058759091218,2.6805775465678567,3.3691379873998173,0.9565026727831158
228,3,0.27,0.73,1.9899512210399863,2.6748796704429387,3.3742665526871134,0.956687393403348
229,3,0.53,0.47,1.9900688105441329,2.6817931338922936,3.370220357136486,0.956463213534118
230,3,0.26,0.74,1.9907002651071035,2.675641699225036,3.3756393744126694,0.9566627118039686
231,3,0.54,0.45999999999999996,1.9908817979470637,2.6830841151586218,3.3713866479071015,0.9564212873294132
232,3,0.25,0.75,1.9915089765534086,2.6764796431341162,3.377104105851756,0.9566355632488824
233,3,0.55,0.44999999999999996,1.9917694882339074,2.684450381593554,3.372676078966334,0.9563768941690017
234,3,0.24,0.76,1.9923717875170381,2.677393430892702,3.378652958318547,0.9566059477380895
235,3,0.56,0.43999999999999995,1.9927297907984225,2.6858918183083267,3.374087703490563,0.9563300340528833
236,3,0.23,0.77,1.9932906432231765,2.6783829848735294,3.380289748956991,0.9565738652715897
237,3,0.5700000000000001,0.42999999999999994,1.9937542967471764,2.687408304346404,3.3756053604190406,0.9562807069810582
238,3,0.22,0.78,1.9942651837302603,2.67944822113234,3.382017819609124,0.956539315849383
239,3,0.58,0.42000000000000004,1.9948346525549192,2.6889997127335286,3.3772090660407086,0.9562289129535262
240,3,0.21,0.79,1.9952894475047687,2.6805890494432485,3.3838308294069903,0.9565022994714696
241,3,0.59,0.41000000000000003,1.9959690262963394,2.690665910530061,3.3788979033670516,0.9561746519702874
242,3,0.2,0.8,1.9963776019511184,2.6818053733366702,3.385749198523163,0.9564628161378494
243,3,0.6,0.4,1.9971688931067046,2.6924067588855705,3.3806895763372777,0.9561179240313418
244,3,0.19,0.81,1.9975209703094214,2.683097090139749,3.387761203517269,0.9564208658485224
245,3,0.61,0.39,1.9984431663270465,2.6942221130956185,3.382601346635431,0.9560587291366893
246,3,0.18,0.8200000000000001,1.9987181926602196,2.684464091019271,3.3898638953165214,0.9563764486034885
247,3,0.62,0.38,1.9998040757171838,2.6961118226606837,3.384651547534319,0.95599706728633
248,3,0.17,0.83,1.9999713598779763,2.685906261026998,3.3920597238303847,0.9563295644027477
249,3,0.63,0.37,2.0012363437256626,2.6980757313471737,3.3868191760285513,0.955932938480264
250,3,0.16,0.84,2.0012775146060497,2.6874234791474,3.3943467056910364,0.9562802132463003
251,3,0.15,0.85,2.002639847286537,2.6890156183477214,3.39672609070039,0.9562283951341459
252,3,0.64,0.36,2.0027188195083525,2.7001136772504664,3.3890792733404034,0.9558663427184911
253,3,0.14,0.86,2.004066592160374,2.6906825456303496,3.3992077833930927,0.9561741100662848
254,3,0.65,0.35,2.0042501091496776,2.7022254928599247,3.3914223269564316,0.9557972800010114
255,3,0.13,0.87,2.005550139980504,2.692424122087424,3.401778010941354,0.9561173580427168
256,3,0.66,0.33999999999999997,2.0058424182320445,2.704411005125823,3.393863599900017,0.9557257503278249
257,3,0.12,0.88,2.007077936776316,2.6942402029576416,3.404420790685108,0.9560581390634421
258,3,0.67,0.32999999999999996,2.007495053421969,2.7066700355281297,3.3964033037754007,0.9556517536989315
259,3,0.11,0.89,2.0086397646862824,2.6961306376852003,3.407119510218922,0.9559964531284605
260,3,0.68,0.31999999999999995,2.009221373032537,2.709002400147074,3.3990651216765144,0.9555752901143314
261,3,0.1,0.9,2.0102620137513494,2.698095269980835,3.409911956150817,0.955932300237772
262,3,0.6900000000000001,0.30999999999999994,2.011005000351389,2.7114079097354464,3.4018277833216417,0.9554963595740243
263,3,0.09,0.91,2.0119386296681485,2.7001339378848748,3.4127924562640404,0.9558656803913768
264,3,0.7000000000000001,0.29999999999999993,2.01286029417737,2.7138863697925633,3.40471049313655,0.9554149620780106
265,3,0.08,0.92,2.0136684546647348,2.7022464738322793,3.415757058175524,0.9557965935892747
266,3,0.71,0.29000000000000004,2.0147958714545244,2.716437580639825,3.4077266891719917,0.95533109762629
267,3,0.07,0.9299999999999999,2.015463110026925,2.704432704719581,3.418823997850794,0.9557250398314658
268,3,0.72,0.28,2.0168064466472813,2.7190613374978168,3.4108693371783585,0.9552447662188626
269,3,0.06,0.94,2.01730345129053,2.7066924519736864,3.421968644161627,0.9556510191179503
270,3,0.73,0.27,2.0188689902626975,2.7217574305648657,3.4140998190120344,0.9551559678557283
271,3,0.05,0.95,2.0191935222545045,2.709025531622462,3.425192809861583,0.9555745314487277
272,3,0.74,0.26,2.0209859971228985,2.724525645097011,3.417422331554688,0.9550647025368872
273,3,0.04,0.96,2.0211370701603255,2.71143175436705,3.4284994200639156,0.9554955768237984
274,3,0.03,0.97,2.0231412115476846,2.7139109256558456,3.4319078518051627,0.9554141552431623
275,3,0.75,0.25,2.0231499055793503,2.727365761489295,3.4208218764740805,0.9549709702623393
276,3,0.02,0.98,2.025192265053537,2.7164628457600775,3.43539756461386,0.9553302667068193
277,3,0.76,0.24,2.0253803528124,2.73027755535833,3.424331728182016,0.9548747710320846
278,3,0.01,0.99,2.027293893921706,2.7190873098509147,3.4389718624071515,0.9552439112147696
279,3,0.77,0.22999999999999998,2.0276651829377723,2.733260797626054,3.4279316251334744,0.9547761048461232
280,3,0.0,1.0,2.0294536219901307,2.7217841080780465,3.442640356756811,0.9551550887670129
281,3,0.78,0.21999999999999997,2.0299985111248224,2.7363152546046203,3.4316090102947645,0.9546749717044548
282,3,0.79,0.20999999999999996,2.032409163306793,2.7394406880823423,3.4354093433398716,0.9545713716070797
283,3,0.8,0.19999999999999996,2.034879262723137,2.742636855410636,3.439317232299377,0.9544653045539977
284,3,0.81,0.18999999999999995,2.0374181704290057,2.7459035095918805,3.4433405000208617,0.954356770545209
285,3,0.8200000000000001,0.17999999999999994,2.0400053853363707,2.7492403993681322,3.447445045264536,0.9542457695807134
286,3,0.8300000000000001,0.16999999999999993,2.042658653726469,2.75264726931063,3.451659512535633,0.9541323016605109
287,3,0.84,0.16000000000000003,2.04536226390535,2.7561238599100117,3.455952623095819,0.9540163667846017
288,3,0.85,0.15000000000000002,2.0481083418462647,2.75966990766719,3.4603153988315616,0.9538979649529856
289,3,0.86,0.14,2.0509234293162195,2.7632851451848013,3.4647895295058575,0.9537770961656628
290,3,0.87,0.13,2.053795008326008,2.7669693012591803,3.4693557049689128,0.9536537604226331
291,3,0.88,0.12,2.0567183280330545,2.770722100972781,3.4740073755078966,0.9535279577238965
292,3,0.89,0.10999999999999999,2.059698562706714,2.774543265786984,3.478754788428482,0.9533996880694533
293,3,0.9,0.09999999999999998,2.062735759932317,2.778432513635227,3.483598549379992,0.9532689514593031
294,3,0.91,0.08999999999999997,2.0658262965279444,2.7823895590163863,3.488532050874716,0.9531357478934461
295,3,0.92,0.07999999999999996,2.06897856756697,2.786414113088364,3.493570065838171,0.9530000773718824
296,3,0.93,0.06999999999999995,2.0721803662160116,2.790505883761797,3.4986899509978895,0.9528619398946119
297,3,0.9400000000000001,0.05999999999999994,2.075435656950485,2.7946645757938424,3.503900203329518,0.9527213354616344
298,3,0.9500000000000001,0.04999999999999993,2.0787343482505096,2.798889890881977,3.5091871196815894,0.9525782640729502
299,3,0.96,0.040000000000000036,2.082076855465408,2.8031815277577454,3.514553902642886,0.9524327257285592
300,3,0.97,0.030000000000000027,2.085463837015753,2.807539182280409,3.519997355844989,0.9522847204284614
301,3,0.98,0.020000000000000018,2.0888918945649317,2.8119625475304306,3.5255092616993466,0.9521342481726567
302,3,0.99,0.010000000000000009,2.0923574397230165,2.8164513139027427,3.5310829034751974,0.9519813089611452
303,3,1.0,0.0,2.09587137467318,2.8210051691997515,3.5367413675466017,0.9518259027939269
304,4,0.44,0.56,2.290563129251144,3.0489801063782993,3.8685651862858563,0.9437222768943611
305,4,0.43,0.5700000000000001,2.2905677584019952,3.0486989361631918,3.868844345064458,0.9437326560305638
306,4,0.42,0.5800000000000001,2.2906273397542742,3.048505057994059,3.8692105824289973,0.943739812304756
307,4,0.45,0.55,2.2906400332732004,3.0493485444926614,3.868416776621666,0.9437086748961478
308,4,0.41000000000000003,0.59,2.2907646771905252,3.0483984885262267,3.869700914902803,0.9437437457169378
309,4,0.46,0.54,2.290797205297248,3.049804218878522,3.8683958662195277,0.943691850035924
310,4,0.4,0.6,2.2909812964841234,3.0483792369164706,3.8703227552738126,0.9437444562671089
311,4,0.47000000000000003,0.53,2.291036677083243,3.050347090440658,3.868512815598309,0.9436718023136899
312,4,0.39,0.61,2.29127100061528,3.048447304819084,3.8710684193399647,0.9437419439552697
313,4,0.48,0.52,2.2913572442896406,3.0509771126331287,3.8687573524828274,0.9436485317294451
314,4,0.38,0.62,2.2916161222393576,3.048602686385169,3.8719044607653226,0.9437362087814198
315,4,0.49,0.51,2.291766524768605,3.0516942314791975,3.8691420159399947,0.9436220382831899
316,4,0.37,0.63,2.292007103942463,3.0488453682651464,3.872814334722051,0.9437272507455596
317,4,0.5,0.5,2.2922471298016385,3.0524983855944097,3.8696404155467268,0.9435923219749242
318,4,0.36,0.64,2.2924480646918415,3.0491753296144903,3.873805291145296,0.9437150698476888
319,4,0.51,0.49,2.2928091566512223,3.0533895062127887,3.8702682891682807,0.9435593828046479
320,4,0.35000000000000003,0.6499999999999999,2.2929739851229103,3.0495925421026784,3.8749321830112393,0.9436996660878075
321,4,0.52,0.48,2.293452280504162,3.054367517216144,3.8710284190899924,0.9435232207723612
322,4,0.34,0.6599999999999999,2.293570109676212,3.0500969699253413,3.8761736132055837,0.9436810394659157
323,4,0.53,0.47,2.2941657721259108,3.0554323351664467,3.8719019421632312,0.943483835878064
324,4,0.33,0.6699999999999999,2.2942181259317085,3.050688569819617,3.8774934417282756,0.9436591899820135
325,4,0.32,0.6799999999999999,2.2949379302299606,3.051367291082672,3.8789285958759248,0.9436341176361007
326,4,0.54,0.45999999999999996,2.294940633030146,3.0565838693412446,3.8728751886187434,0.9434412281217561
327,4,0.31,0.69,2.295736136953945,3.0521330755933933,3.8804962099882094,0.9436058224281775
328,4,0.55,0.44999999999999996,2.295769525345145,3.057822021772088,3.8739365175814786,0.9433953975034379
329,4,0.3,0.7,2.296614741130312,3.0529858578372098,3.882201529207125,0.9435743043582436
330,4,0.56,0.43999999999999995,2.2966553042567193,3.0591466872859203,3.875093312154461,0.9433463440231092
331,4,0.29,0.71,2.297551525870728,3.0539255649340338,3.8840026092009365,0.9435395634262993
332,4,0.5700000000000001,0.42999999999999994,2.29760294091055,3.060557753549398,3.876357811814742,0.94329406768077
333,4,0.28,0.72,2.29854136333913,3.0549521166692855,3.885886480352673,0.9435015996323446
334,4,0.58,0.42000000000000004,2.29861219271467,3.0620551011160932,3.877726231330115,0.9432385684764202
335,4,0.27,0.73,2.2995937440234724,3.056065425527973,3.887868845916541,0.9434604129763793
336,4,0.59,0.41000000000000003,2.299674490075119,3.063638603476539,3.8791787365808723,0.94317984641006
337,4,0.26,0.74,2.30071979885685,3.0572653967317973,3.8899763397561142,0.9434160034584035
338,4,0.6,0.4,2.3008302517002113,3.065308127111058,3.880790301638539,0.9431179014816893
339,4,0.25,0.75,2.3019195231475664,3.0585519282792357,3.892208336976935,0.9433683710784172
340,4,0.61,0.39,2.3020590064483146,3.067063531545338,3.8825155336071075,0.943052733691308
341,4,0.24,0.76,2.3032128118247117,3.059924910988579,3.894594249902144,0.9433175158364204
342,4,0.62,0.38,2.3033656082518275,3.0689046694086892,3.8843633542091833,0.9429843430389162
343,4,0.23,0.77,2.3045939832648568,3.061384228543868,3.8971207834918946,0.9432634377324132
344,4,0.63,0.37,2.3047477987972185,3.0708313864949326,3.886330929107154,0.942912729524514
345,4,0.22,0.78,2.3060236536460983,3.0629297575436887,3.899723019967363,0.9432061367663953
346,4,0.64,0.36,2.306170674835692,3.0728435218258605,3.88836396212872,0.9428378931481013
347,4,0.21,0.79,2.3075253245243936,3.064561367552782,3.902437330407034,0.9431456129383671
348,4,0.65,0.35,2.3076603197637855,3.0749409077172136,3.8905065830056964,0.942759833909678
349,4,0.2,0.8,2.3091012773002086,3.066278921156416,3.9052741010190304,0.9430818662483282
350,4,0.66,0.33999999999999997,2.3092314199790933,3.0771233698471048,3.8927778751728335,0.9426785518092442
351,4,0.19,0.81,2.310727526231785,3.0680822740174634,3.908192543141447,0.9430148966962789
352,4,0.67,0.32999999999999996,2.3108713735321342,3.079390727326832,3.895163528573489,0.9425940468468
353,4,0.18,0.8200000000000001,2.3124351884759364,3.069971274936138,3.9112351839881168,0.9429447042822192
354,4,0.68,0.31999999999999995,2.3125946874873016,3.081742792774015,3.8976892451421996,0.9425063190223453
355,4,0.17,0.83,2.3142074283100564,3.0719457659123317,3.9143799122790868,0.9428712890061489
356,4,0.6900000000000001,0.30999999999999994,2.3143791402953418,3.0841793723879833,3.9003141131016337,0.94241536833588
357,4,0.16,0.84,2.3160585881472255,3.0740055822104853,3.917654326722359,0.942794650868068
358,4,0.7000000000000001,0.29999999999999993,2.316235736396002,3.086700266027351,3.9030594178436626,0.9423211947874043
359,4,0.15,0.85,2.317949946813917,3.0761505524269417,3.920994353104526,0.9427147898679767
360,4,0.71,0.29000000000000004,2.318157100392779,3.0893052672897086,3.905912924818934,0.9422237983769179
361,4,0.14,0.86,2.31989007694468,3.078380498559717,3.924411545340482,0.942631706005875
362,4,0.72,0.28,2.3201352421405113,3.0919941635933585,3.9088606433486426,0.9421231791044212
363,4,0.13,0.87,2.3218988350204324,3.0806952360806155,3.927939358952888,0.9425453992817627
364,4,0.73,0.27,2.32217084452959,3.09476673626102,3.911904657057071,0.942019336969914
365,4,0.12,0.88,2.3239736730362193,3.0830945740096367,3.9315829872382317,0.9424558696956399
366,4,0.74,0.26,2.3242601893305554,3.097622760605431,3.9150351178649188,0.9419122719733962
367,4,0.11,0.89,2.326104106266597,3.085578314991594,3.935320956126625,0.9423631172475065
368,4,0.75,0.25,2.326402615321884,3.100562006016776,3.9182527967698633,0.9418019841148679
369,4,0.1,0.9,2.328300651430252,3.0881462553748813,3.939169300090063,0.9422671419373627
370,4,0.76,0.24,2.3285865425548256,3.103584236051854,3.921542860693054,0.9416884733943293
371,4,0.09,0.91,2.3305789668052572,3.0907981852923156,3.9431566476900555,0.9421679437652085
372,4,0.77,0.22999999999999998,2.3308411875101447,3.1066892085249225,3.9249496311512337,0.94157173981178
373,4,0.08,0.92,2.332905210264477,3.0935338887439845,3.9472306923554736,0.9420655227310437
374,4,0.78,0.21999999999999997,2.333172440222447,3.1098766756001237,3.9284812033404513,0.9414517833672202
375,4,0.07,0.9299999999999999,2.3352801167334913,3.0963531436820193,3.951385708515245,0.9419598788348684
376,4,0.79,0.20999999999999996,2.33557237842888,3.113146383885439,3.9321204009462827,0.9413286040606499
377,4,0.06,0.94,2.337722030418915,3.099255722097227,3.955656408978909,0.9418510120766825
378,4,0.8,0.19999999999999996,2.3380399697054073,3.1164980745280637,3.9358755358601414,0.9412022018920692
379,4,0.05,0.95,2.340212270740982,3.1022413901075008,3.9600128903961465,0.9417389224564863
380,4,0.81,0.18999999999999995,2.3405784690082605,3.119931483311149,3.93974911670668,0.9410725768614779
381,4,0.04,0.96,2.3427561568620265,3.1053099080479347,3.9644632020174235,0.9416236099742794
382,4,0.8200000000000001,0.17999999999999994,2.3431872973723213,3.123446340751818,3.9437383890085753,0.9409397289688761
383,4,0.03,0.97,2.3453740906211102,3.108461030562561,3.969033388635478,0.9415050746300622
384,4,0.8300000000000001,0.16999999999999993,2.345843600075868,3.127042372200379,3.9478037352342636,0.9408036582142639
385,4,0.02,0.98,2.348059792372687,3.111694506697642,3.973707613943981,0.9413833164238343
386,4,0.84,0.16000000000000003,2.348562368045904,3.1307192979406597,3.9519745722610744,0.9406643645976411
387,4,0.01,0.99,2.350803453237562,3.115010079996426,3.97847626031588,0.941258335355596
388,4,0.85,0.15000000000000002,2.351348213321997,3.1344768332913837,3.9562638978640505,0.9405218481190079
389,4,0.0,1.0,2.353604747791344,3.118407488595299,3.983340558343145,0.9411301314253472
390,4,0.86,0.14,2.3541927278989276,3.1383146887085016,3.9606521943941577,0.9403761087783641
391,4,0.87,0.13,2.357109509937963,3.142232569888412,3.96515472467017,0.9402271465757098
392,4,0.88,0.12,2.3600963247797275,3.1462301778719817,3.96977579563463,0.9400749615110451
393,4,0.89,0.10999999999999999,2.3631291267193193,3.1503072091492963,3.9744754849708603,0.9399195535843697
394,4,0.9,0.09999999999999998,2.3662123819667453,3.1544633557650545,3.979256040257981,0.939760922795684
395,4,0.91,0.08999999999999997,2.369352277380116,3.158698305424541,3.984124470931188,0.9395990691449877
396,4,0.92,0.07999999999999996,2.3725580819856393,3.163011741600091,3.989098606633975,0.939433992632281
397,4,0.93,0.06999999999999995,2.3758219221786874,3.167403343637979,3.9941723275564187,0.9392656932575637
398,4,0.9400000000000001,0.05999999999999994,2.37914110135018,3.171872786865655,3.999340867465637,0.9390941710208359
399,4,0.9500000000000001,0.04999999999999993,2.3825100543952304,3.176419742699251,4.00459433351016,0.9389194259220977
400,4,0.96,0.040000000000000036,2.385929289349465,3.181043878751297,4.009931279329576,0.9387414579613489
401,4,0.97,0.030000000000000027,2.3894125042936722,3.1857448589385573,4.015374543068147,0.9385602671385895
402,4,0.98,0.020000000000000018,2.3929538672634467,3.1905223435899392,4.020910823891226,0.9383758534538198
403,4,0.99,0.010000000000000009,2.3965533519993527,3.1953759895543845,4.026545222539476,0.9381882169070395
404,4,1.0,0.0,2.400218421571516,3.2003054503086927,4.032285620827316,0.9379973574982488
405,5,0.43,0.5700000000000001,2.5558517036099406,3.3710132446160874,4.297925813763713,0.9312024169252451
406,5,0.42,0.5800000000000001,2.555861792549827,3.37077732153724,4.2982704307896125,0.9312120462968736
407,5,0.44,0.56,2.555901863037024,3.371342738666939,4.297678380238736,0.9311889672586118
408,5,0.41000000000000003,0.59,2.555934873923576,3.370634989078522,4.298713393051176,0.9312178553734974
409,5,0.45,0.55,2.5560430613521,3.3717657762581044,4.297575925545415,0.9311716972969738
410,5,0.4,0.6,2.5560781602110345,3.370586259096312,4.299276403633685,0.9312198441551166
411,5,0.46,0.54,2.556261149880165,3.3722823221857396,4.297598144735355,0.931150607040331
412,5,0.39,0.61,2.556285530963375,3.3706311356503065,4.299945366607292,0.931218012641731
413,5,0.47000000000000003,0.53,2.556549517344785,3.3728923334884815,4.297734871881746,0.9311256964886836
414,5,0.38,0.62,2.556575526743758,3.3707696150018305,4.300753928756833,0.9312123608333407
415,5,0.48,0.52,2.556921290972069,3.373595759465294,4.2980087959934155,0.9310969656420314
416,5,0.37,0.63,2.5569711716411008,3.371001685615391,4.301722042906899,0.9312028887299456
417,5,0.49,0.51,2.557370442467446,3.374392541696499,4.298405893225911,0.9310644145003745
418,5,0.36,0.64,2.557418586748985,3.371327328163483,4.302771892397036,0.9311895963315459
419,5,0.5,0.5,2.557883072350116,3.3752826140679844,4.298909715345456,0.9310280430637129
420,5,0.35000000000000003,0.6499999999999999,2.557916902296207,3.3717465155346362,4.303907382832848,0.9311724836381414
421,5,0.34,0.6599999999999999,2.558458728696845,3.372259212844691,4.305124531318103,0.9311515506497322
422,5,0.51,0.49,2.5584747840422293,3.3762659027985586,4.299546419130504,0.9309878513320465
423,5,0.33,0.6699999999999999,2.5590514648498623,3.3728653774513053,4.306424058025347,0.9311267973663183
424,5,0.52,0.48,2.5591394622505494,3.377342326470419,4.300298129148047,0.9309438393053755
425,5,0.32,0.6799999999999999,2.559713436691955,3.3735649589716634,4.307839402068664,0.9310982237878996
426,5,0.53,0.47,2.5598691497905186,3.378511796062727,4.301155026593713,0.9308960069836997
427,5,0.31,0.69,2.560443193193719,3.3743578993033823,4.309374260115556,0.9310658299144763
428,5,0.54,0.45999999999999996,2.5606736146044056,3.3797742149882235,4.302137379232225,0.9308443543670192
429,5,0.3,0.7,2.5612450977985226,3.375244132648584,4.311024071385812,0.9310296157460481
430,5,0.55,0.44999999999999996,2.561560745589926,3.381129479132889,4.303253890895088,0.930788881455334
431,5,0.29,0.71,2.5621276184747317,3.3762235855411227,4.312809235561361,0.9309895812826154
432,5,0.56,0.43999999999999995,2.562509937942643,3.382577476898574,4.304472306909847,0.930729588248644
433,5,0.28,0.72,2.563068045160556,3.3772961768769294,4.314693307054037,0.9309457265241778
434,5,0.5700000000000001,0.42999999999999994,2.56351727860234,3.3841180892485876,4.3057883843002225,0.9306664747469494
435,5,0.27,0.73,2.564071160920463,3.3784618179474517,4.316680992794341,0.9308980514707356
436,5,0.58,0.42000000000000004,2.5646123187454433,3.3857511897561827,4.307244764764953,0.93059954095025
437,5,0.26,0.74,2.565152734733715,3.3797204124761535,4.318799937528255,0.9308465561222886
438,5,0.59,0.41000000000000003,2.5657761879697203,3.387476644655902,4.308810141278642,0.9305287868585459
439,5,0.25,0.75,2.5663112119380407,3.3810718566580427,4.321043580999007,0.930791240478837
440,5,0.6,0.4,2.567010913528109,3.3892943128977326,4.310487518442434,0.930454212471837
441,5,0.24,0.76,2.56753622639757,3.3825160392021876,4.323392527861754,0.9307321045403806
442,5,0.61,0.39,2.568306649768533,3.391204046204021,4.3122609121932705,0.9303758177901235
443,5,0.23,0.77,2.5688244761643464,3.384052841377178,4.3258441386990585,0.9306691483069194
444,5,0.62,0.38,2.569663454600696,3.3932056891290925,4.3141334993880225,0.9302936028134052
445,5,0.22,0.78,2.570175490621998,3.385682137059496,4.328403855152989,0.9306023717784535
446,5,0.63,0.37,2.5710743375165577,3.395299079121523,4.316092485235036,0.9302075675416822
447,5,0.21,0.79,2.5715987846117723,3.3874037927847436,4.331080030808778,0.930531774954983
448,5,0.64,0.36,2.5725311611233357,3.3974840465890037,4.318128259138304,0.9301177119749545
449,5,0.2,0.8,2.573079449537817,3.3892176678016828,4.333847728317278,0.9304573578365076
450,5,0.65,0.35,2.574067749673987,3.399760414965741,4.320302935467833,0.9300240361132222
451,5,0.19,0.81,2.574631706559,3.391123614129039,4.336730805697552,0.9303791204230277
452,5,0.66,0.33999999999999997,2.5756728994525493,3.402128000782329,4.3225923538173205,0.9299265399564849
453,5,0.18,0.8200000000000001,2.5762430737950357,3.393121476615009,4.339706340117274,0.9302970627145429
454,5,0.67,0.32999999999999996,2.5773383172003177,3.404586613738034,4.3249894543272465,0.9298252235047431
455,5,0.17,0.83,2.5779335663079683,3.3952110929994257,4.342807550473614,0.9302111847110535
456,5,0.68,0.31999999999999995,2.579056760071128,3.4071360567754208,4.327475354990876,0.9297200867579964
457,5,0.16,0.84,2.579701079288949,3.397392293978514,4.346032668661528,0.9301214864125593
458,5,0.6900000000000001,0.30999999999999994,2.5808566695802475,3.409776126157261,4.330097257668439,0.9296111297162452
459,5,0.15,0.85,2.58151391783844,3.3996649032721935,4.349333888646208,0.9300279678190604
460,5,0.7000000000000001,0.29999999999999993,2.5827356341798793,3.412506611545651,4.332852296829214,0.9294983523794891
461,5,0.14,0.86,2.5833791054052946,3.4020287376938456,4.352722865054657,0.9299306289305568
462,5,0.71,0.29000000000000004,2.5846821560061883,3.415327296083268,4.335722579940465,0.9293817547477283
463,5,0.13,0.87,2.585313355534518,3.404483607222501,4.35622505940267,0.9298294697470484
464,5,0.72,0.28,2.586687394718665,3.4182379564767023,4.338685656831006,0.9292613368209629
465,5,0.12,0.88,2.587327779383283,3.4070293150773727,4.359858199531357,0.9297244902685353
466,5,0.73,0.27,2.588784100914694,3.421238363081781,4.341791295227103,0.9291370985991927
467,5,0.11,0.89,2.5894215446128315,3.40966565779467,4.363614851050829,0.9296156904950176
468,5,0.74,0.26,2.590968602239677,3.4243282799908195,4.345036923432779,0.9290090400824178
469,5,0.1,0.9,2.591600356762378,3.4123924253066247,4.367507279547477,0.929503070426495
470,5,0.75,0.25,2.59322644239145,3.427507465121728,4.348404444237909,0.9288771612706381
471,5,0.09,0.91,2.5938361750522416,3.415209401022667,4.371497017078213,0.9293866300629678
472,5,0.76,0.24,2.5955498394139744,3.430775670308884,4.351888042699542,0.9287414621638537
473,5,0.08,0.92,2.5961345223136667,3.4181163619126664,4.375595575554812,0.9292663694044359
474,5,0.77,0.22999999999999998,2.5979556987633403,3.4341326413957094,4.35550368489296,0.9286019427620646
475,5,0.07,0.9299999999999999,2.5984969803873494,3.4211130785921813,4.379795591160883,0.9291422884508992
476,5,0.78,0.21999999999999997,2.600417152764467,3.4375781183288745,4.359213242099468,0.9284586030652708
477,5,0.06,0.94,2.600932303166968,3.4241993154096284,4.3841181558861155,0.9290143872023577
478,5,0.79,0.20999999999999996,2.60292178921779,3.4411118352540355,4.362990608529146,0.9283114430734722
479,5,0.05,0.95,2.6034329874193585,3.427374830535313,4.3885468539337635,0.9288826656588117
480,5,0.8,0.19999999999999996,2.6055031942913125,3.4447335206130547,4.366884977141059,0.9281604627866691
481,5,0.04,0.96,2.6059942223563897,3.4306393760522353,4.39307748299483,0.9287471238202608
482,5,0.81,0.18999999999999995,2.608157457532295,3.4484428972426002,4.370899346875392,0.928005662204861
483,5,0.03,0.97,2.608632907937785,3.4339926980485966,4.397728761022666,0.9286077616867053
484,5,0.8200000000000001,0.17999999999999994,2.610865606169805,3.4522396824740555,4.375005303135718,0.9278470413280484
485,5,0.02,0.98,2.6113352041270343,3.437434536711935,4.4024788905421595,0.928464579258145
486,5,0.8300000000000001,0.16999999999999993,2.613623949838752,3.4561235882346715,4.379190781089217,0.927684600156231
487,5,0.01,0.99,2.6141016166446933,3.4409646264248077,4.4073342189914415,0.92831757653458
488,5,0.84,0.16000000000000003,2.6164346381103836,3.4600943211498647,4.383458071640411,0.9275183386894088
489,5,0.0,1.0,2.6169262431443,3.4445826958619445,4.412293372247643,0.9281667535160103
490,5,0.85,0.15000000000000002,2.6193390544501995,3.4641515826465925,4.387883846410743,0.9273482569275819
491,5,0.86,0.14,2.6223297678824493,3.468295069057727,4.392461251889849,0.9271743548707504
492,5,0.87,0.13,2.62538926828932,3.4725244717273487,4.397151968797063,0.9269966325189141
493,5,0.88,0.12,2.6285144545864174,3.4768394771168776,4.401957410616964,0.9268150898720731
494,5,0.89,0.10999999999999999,2.6317101976701243,3.4812397669119735,4.406882588516969,0.9266297269302273
495,5,0.9,0.09999999999999998,2.634988128798859,3.4857250181301174,4.411949182835864,0.9264405436933769
496,5,0.91,0.08999999999999997,2.63833008007621,3.490294903228807,4.417133425633463,0.9262475401615217
497,5,0.92,0.07999999999999996,2.6417312393509462,3.4949490902142872,4.422422160509558,0.9260507163346617
498,5,0.93,0.06999999999999995,2.6452043845771565,3.4996872427507384,4.427834419015899,0.9258500722127971
499,5,0.9400000000000001,0.05999999999999994,2.648729886902587,3.504509020269853,4.433336960186206,0.9256456077959279
500,5,0.9500000000000001,0.04999999999999993,2.652292922137965,3.5094140780807224,4.438900949771539,0.9254373230840538
501,5,0.96,0.040000000000000036,2.655891784660054,3.514402067479968,4.444527459503782,0.925225218077175
502,5,0.97,0.030000000000000027,2.6595506536870595,3.519472635862039,4.450248186239999,0.9250092927752914
503,5,0.98,0.020000000000000018,2.6632674605146582,3.5246254268296098,4.456060610380313,0.9247895471784032
504,5,0.99,0.010000000000000009,2.6670652884166253,3.5298600803040103,4.462019086724353,0.9245659812865102
505,5,1.0,0.0,2.6709210737302156,3.5351762326356186,4.468078519030384,0.9243385950996126
506,6,0.46,0.54,2.793696973351166,3.661749088181879,4.686823610940385,0.91881206680824
507,6,0.45,0.55,2.793697072114252,3.6614436130104338,4.687224304000323,0.9188256121728882
508,6,0.44,0.56,2.793777217978215,3.6612381374450793,4.687752182616878,0.9188347227243437
509,6,0.47000000000000003,0.53,2.7937841412305318,3.662154537935298,4.686569386793913,0.9187940866303992
510,6,0.43,0.5700000000000001,2.7939224801594755,3.6611326783227995,4.68838408231848,0.9188393984626066
511,6,0.48,0.52,2.7939537938355254,3.6626599290696804,4.686445245740303,0.9187716716393658
512,6,0.42,0.5800000000000001,2.7941526613581193,3.661127244286544,4.689149763967509,0.918839639387677
513,6,0.49,0.51,2.7942198079975253,3.663265220220709,4.686473619559578,0.9187448218351397
514,6,0.41000000000000003,0.59,2.794474067879262,3.6612218357816886,4.69005682226589,0.9188354454995546
515,6,0.5,0.5,2.7945712479065974,3.6639703618776713,4.6866423664455255,0.918713537217721
516,6,0.4,0.6,2.794851629232908,3.661416445055852,4.691051096872555,0.9188268167982397
517,6,0.51,0.49,2.7950031774618815,3.664775296403675,4.686944691968813,0.9186778177871098
518,6,0.39,0.61,2.7952852934850037,3.661711056162075,4.692133630638119,0.9188137532837323
519,6,0.52,0.48,2.7955147889395433,3.6656799580591657,4.68738031279758,0.9186376635433058
520,6,0.38,0.62,2.7958025383587897,3.6621056449653477,4.693352527986081,0.918796254956032
521,6,0.53,0.47,2.796103801224927,3.666684273028698,4.687949002899682,0.9185930744863092
522,6,0.37,0.63,2.796398037968778,3.6626001791524962,4.694696474972151,0.9187743218151393
523,6,0.54,0.45999999999999996,2.796767394515624,3.667788159450963,4.688633827067439,0.9185440506161201
524,6,0.36,0.64,2.7970428005937653,3.6631946182454023,4.696118085518617,0.9187479538610538
525,6,0.55,0.44999999999999996,2.7974971512251505,3.6689915274520213,4.689431127314888,0.9184905919327383
526,6,0.35000000000000003,0.6499999999999999,2.7977414981836985,3.663888913617552,4.697630765413644,0.9187171510937757
527,6,0.56,0.43999999999999995,2.798304807909091,3.6702942791817246,4.690359258971581,0.9184326984361638
528,6,0.34,0.6599999999999999,2.798511694294253,3.6646830085138977,4.699262129337996,0.9186819135133051
529,6,0.5700000000000001,0.42999999999999994,2.799178111353537,3.671696308853283,4.6914006309408665,0.9183703701263968
530,6,0.33,0.6699999999999999,2.799364110645345,3.665576838074014,4.701031901133596,0.9186422411196418
531,6,0.58,0.42000000000000004,2.8001188500273377,3.6731975027859436,4.692558483216866,0.9183036070034372
532,6,0.32,0.6799999999999999,2.800325527805656,3.66657032935852,4.702973953973038,0.9185981339127859
533,6,0.59,0.41000000000000003,2.80112190904387,3.6747977394507454,4.69382283712801,0.9182324090672849
534,6,0.31,0.69,2.8013425950562674,3.6676634013787512,4.705004574202815,0.9185495918927373
535,6,0.6,0.4,2.802202900036852,3.6764968895192975,4.695217552567416,0.9181567763179399
536,6,0.3,0.7,2.8024354931064788,3.668855965129648,4.707157069018178,0.9184966150594962
537,6,0.61,0.39,2.8033532250444866,3.6782948159155455,4.696732706829701,0.9180767087554024
538,6,0.29,0.71,2.8036115185041393,3.670147923625831,4.70945019160808,0.9184392034130624
539,6,0.62,0.38,2.804602844702614,3.6801913738704717,4.698424067640761,0.9179922063796723
540,6,0.28,0.72,2.8048610373919076,3.6715391719408275,4.7118744979224445,0.918377356953436
541,6,0.63,0.37,2.8059408271960598,3.682186410979681,4.700262320269777,0.9179032691907495
542,6,0.27,0.73,2.8061782035587997,3.673029597249418,4.714409473079916,0.918311075680617
543,6,0.64,0.36,2.807356768008934,3.6842797672638232,4.7022290249629,0.917809897188634
544,6,0.26,0.74,2.80757863321151,3.674619078873054,4.717074981124255,0.9182403595946054
545,6,0.65,0.35,2.808815794819391,3.686471275231784,4.704266138556244,0.917712090373326
546,6,0.25,0.75,2.809075923579123,3.676307488328313,4.719890561048504,0.9181652086954011
547,6,0.66,0.33999999999999997,2.810352825358047,3.6887607599466095,4.70642739425076,0.9176098487448253
548,6,0.24,0.76,2.810645088058172,3.6780946893783404,4.7228221861113395,0.9180856229830041
549,6,0.67,0.32999999999999996,2.8119646857422538,3.691148039094079,4.708716127739929,0.917503172303132
550,6,0.23,0.77,2.8123066070989315,3.679980538087235,4.725912481745011,0.9180016024574147
551,6,0.68,0.31999999999999995,2.813645813325099,3.6936329230538854,4.711121540759447,0.9173920610482462
552,6,0.22,0.78,2.814063779435084,3.6819648828773244,4.729161145634014,0.9179131471186325
553,6,0.6900000000000001,0.30999999999999994,2.815387830775476,3.696215214973346,4.713626468234346,0.9172765149801676
554,6,0.21,0.79,2.815881475426953,3.684047564589277,4.732515705977681,0.9178202569666577
555,6,0.7000000000000001,0.29999999999999993,2.817205524669931,3.698894710843588,4.716252851008253,0.9171565340988965
556,6,0.2,0.8,2.8177574151778764,3.6862284165450037,4.735965100208816,0.9177229320014904
557,6,0.71,0.29000000000000004,2.819113102685848,3.701671199578135,4.7190321081125415,0.9170321184044328
558,6,0.19,0.81,2.8196868720292887,3.6885072646132793,4.73950188630863,0.9176211722231303
559,6,0.72,0.28,2.8210852070788017,3.7045444630938276,4.721927728315516,0.9169032678967763
560,6,0.18,0.8200000000000001,2.821675193482782,3.6908839272780343,4.743136834630209,0.9175149776315776
561,6,0.73,0.27,2.823153975386007,3.707514276394008,4.724978495841725,0.9167699825759273
562,6,0.17,0.83,2.823760436621257,3.693358215709257,4.746932027290076,0.9174043482268324
563,6,0.74,0.26,2.825309496385949,3.7105804076538993,4.728162942639316,0.9166322624418857
564,6,0.16,0.84,2.8259183466756705,3.695929933836429,4.750841366099733,0.9172892840088944
565,6,0.75,0.25,2.8275601210755497,3.7137426183081024,4.731505775906224,0.9164901074946514
566,6,0.15,0.85,2.828141537837203,3.6985988784244475,4.754862480721149,0.917169784977764
567,6,0.76,0.24,2.829896984675262,3.717000663140135,4.73498750302476,0.9163435177342245
568,6,0.14,0.86,2.8304395710330246,3.7013648391519514,4.759006638127258,0.9170458511334408
569,6,0.77,0.22999999999999998,2.832284201663287,3.720354290373947,4.738551865089833,0.916192493160605
570,6,0.13,0.87,2.83280355251115,3.704227598691996,4.763254979397816,0.9169174824759251
571,6,0.78,0.21999999999999997,2.834733745110398,3.7238032417673215,4.742223540591669,0.9160370337737929
572,6,0.12,0.88,2.835217562142274,3.707186932794991,4.7675866434931375,0.9167846790052168
573,6,0.79,0.20999999999999996,2.8372447322563827,3.7273472527070957,4.745997622581495,0.9158771395737881
574,6,0.11,0.89,2.837685105969779,3.710242610373848,4.772008314288662,0.9166474407213157
575,6,0.8,0.19999999999999996,2.839825479356736,3.7309860523061187,4.749888641984996,0.9157128105605907
576,6,0.1,0.9,2.8402079078252633,3.713394393591246,4.776517936230931,0.9165057676242221
577,6,0.81,0.18999999999999995,2.8424803704134316,3.734719363501869,4.753901896651199,0.9155440467342008
578,6,0.09,0.91,2.842817428405948,3.7166420379489598,4.781178151539346,0.9163596597139358
579,6,0.8200000000000001,0.17999999999999994,2.8451974133910394,3.7385469031566485,4.758012508957771,0.9153708480946181
580,6,0.08,0.92,2.845489707873346,3.7199852923791568,4.7859456995402265,0.9162091169904569
581,6,0.8300000000000001,0.16999999999999993,2.84798767688288,3.7424683821592755,4.762238611546482,0.9151932146418429
582,6,0.07,0.9299999999999999,2.8482212616858527,3.723423899337602,4.790816188844273,0.9160541394537854
583,6,0.84,0.16000000000000003,2.8508495991341722,3.7464835055282055,4.766576779908171,0.915011146375875
584,6,0.06,0.94,2.851019020790697,3.7269575948986824,4.795800286975176,0.9158947271039213
585,6,0.85,0.15000000000000002,2.853791726273794,3.7505919725159793,4.771049940445562,0.9148246432967145
586,6,0.05,0.95,2.8539210157651094,3.7305861088521803,4.800953662561759,0.9157308799408646
587,6,0.86,0.14,2.8568020122722206,3.7547934767149367,4.77564263904863,0.9146337054043614
588,6,0.04,0.96,2.856925839684716,3.734309164801714,4.806260371016999,0.9155625979646153
589,6,0.87,0.13,2.8598653413690025,3.759087706164107,4.780324702887024,0.9144383326988157
590,6,0.03,0.97,2.8600010641666462,3.738126480264766,4.811676450077185,0.9153898811751733
591,6,0.88,0.12,2.8630060772799353,3.7634743434571933,4.785131064790464,0.9142385251800773
592,6,0.02,0.98,2.863137993191747,3.742037766774216,4.817193137258025,0.9152127295725386
593,6,0.89,0.10999999999999999,2.866221861134385,3.7679530658515805,4.790054291447874,0.9140342828481463
594,6,0.01,0.99,2.866342825846441,3.74604272998131,4.822819792648477,0.9150311431567114
595,6,0.9,0.09999999999999998,2.8694973498488374,3.7725235453782715,4.795073113000573,0.9138256057030226
596,6,0.0,1.0,2.8696019365755765,3.7501410697599677,4.828532450654182,0.9148451219276915
597,6,0.91,0.08999999999999997,2.872838817603251,3.7771854489526864,4.800198470254548,0.9136124937447064
598,6,0.92,0.07999999999999996,2.876262297211212,3.7819384384862365,4.8054517503651475,0.9133949469731976
599,6,0.93,0.06999999999999995,2.8797534786244365,3.7867821709986,4.810815100572408,0.9131729653884961
600,6,0.9400000000000001,0.05999999999999994,2.8833182956066112,3.791716298730612,4.816303102590249,0.912946548990602
601,6,0.9500000000000001,0.04999999999999993,2.88695644808258,3.7967404692577045,4.8219111907138865,0.9127156977795152
602,6,0.96,0.040000000000000036,2.890650921117455,3.80185432560381,4.827611548806566,0.9124804117552359
603,6,0.97,0.030000000000000027,2.894412049531016,3.8070575063556547,4.833414942377489,0.9122406909177639
604,6,0.98,0.020000000000000018,2.898233042375051,3.8123496457773673,4.83931919965876,0.9119965352670993
605,6,0.99,0.010000000000000009,2.902123221572789,3.8177303739253303,4.845338888951174,0.9117479448032421
606,6,1.0,0.0,2.906088563071418,3.8231993167632017,4.851488846032581,0.9114949195261922
